{
  "mainMenuTitle": "Main Menu",
  "welcomeMessage": "Welcome to the Airline Management System!",
  "viewAirlineList": "View Airline List",
  "addAirplane": "Add Airplane",
  "manageAirplanes": "Manage Airplanes",
  "changeLanguage": "Change Language",
  "airlineListTitle": "Airline List",
  "airlineName": "Airline Name",
  "manageAirlinesTitle": "Manage Airlines",
  "airplaneType": "Type",
  "numberOfPassengers": "Passengers",
  "maximumSpeed": "Max Speed",
  "range": "Range",
  "submit": "Submit",
  "cancel": "Cancel",
  "addNewAirline": "Add New Airline",
  "editAirline": "Edit Airline",
  "deleteAirline": "Delete Airline",
  "confirmDelete": "Are you sure you want to delete this airline?",
  "yes": "Yes",
  "no": "No",
  "information": "Are you sure you want to delete this airplane?"
}
