{
  "mainMenuTitle": "Menú Principal",
  "welcomeMessage": "¡Bienvenido al Sistema de Gestión de Aerolíneas!",
  "viewAirlineList": "Ver Lista de Aerolíneas",
  "addAirplane": "Agregar Avión",
  "manageAirplanes": "Gestionar Aviones",
  "changeLanguage": "Cambiar Idioma",
  "airlineListTitle": "Lista de Aerolíneas",
  "airlineName": "Nombre de la Aerolínea",
  "headquarters": "Sede",
  "founded": "Fundada",
  "fleetSize": "Tamaño de la Flota",
  "noAirlinesFound": "No se encontraron aerolíneas.",
  "manageAirlinesTitle": "Gestionar Aerolíneas",
  "airplaneType": "Tipo de Avión",
  "numberOfPassengers": "Número de Pasajeros",
  "maximumSpeed": "Velocidad Máxima (km/h)",
  "range": "Alcance (km)",
  "submit": "Enviar",
  "cancel": "Cancelar",
  "addNewAirline": "Agregar Nueva Aerolínea",
  "editAirline": "Editar Aerolínea",
  "deleteAirline": "Eliminar Aerolínea",
  "confirmDelete": "¿Estás seguro de que deseas eliminar esta aerolínea?",
  "yes": "Sí",
  "no": "No",
  "information": "¿Estás seguro de que deseas eliminar este avión?"

}
